-- Staging seed data
PRAGMA foreign_keys = OFF;
BEGIN;

INSERT OR IGNORE INTO "User" (id, createdAt, updatedAt, firstName, lastName, email, handle, phone, city, state, country, role, isDiscoverable) VALUES ('seed_u1', '2026-02-24T12:00:00.000Z', '2026-02-24T12:00:00.000Z', 'Sarah', 'Chen', 'sarah@example.com', 'sarahchen', '555-0101', 'Austin', 'TX', 'US', 'founding_member', 1);
INSERT OR IGNORE INTO "User" (id, createdAt, updatedAt, firstName, lastName, email, handle, phone, city, state, country, role, isDiscoverable) VALUES ('seed_u2', '2026-02-24T12:00:00.000Z', '2026-02-24T12:00:00.000Z', 'Marcus', 'Rivera', 'marcus@example.com', 'marcusrivera', '555-0102', 'Denver', 'CO', 'US', 'founding_member', 1);
INSERT OR IGNORE INTO "User" (id, createdAt, updatedAt, firstName, lastName, email, handle, phone, city, state, country, role, isDiscoverable) VALUES ('seed_u3', '2026-02-24T12:00:00.000Z', '2026-02-24T12:00:00.000Z', 'Aisha', 'Patel', 'aisha@example.com', 'aishapatel', '555-0103', 'Portland', 'OR', 'US', 'founding_member', 1);
INSERT OR IGNORE INTO "User" (id, createdAt, updatedAt, firstName, lastName, email, handle, phone, city, state, country, role, isDiscoverable) VALUES ('seed_u4', '2026-02-24T12:00:00.000Z', '2026-02-24T12:00:00.000Z', 'James', 'O''Brien', 'james@example.com', 'jamesobrien', '555-0104', 'Nashville', 'TN', 'US', 'founding_member', 1);
INSERT OR IGNORE INTO "User" (id, createdAt, updatedAt, firstName, lastName, email, handle, phone, city, state, country, role, isDiscoverable) VALUES ('seed_u5', '2026-02-24T12:00:00.000Z', '2026-02-24T12:00:00.000Z', 'Yuki', 'Tanaka', 'yuki@example.com', 'yukitanaka', '555-0105', 'Seattle', 'WA', 'US', 'founding_member', 1);
INSERT OR IGNORE INTO "User" (id, createdAt, updatedAt, firstName, lastName, email, handle, phone, city, state, country, role, isDiscoverable) VALUES ('seed_u6', '2026-02-24T12:00:00.000Z', '2026-02-24T12:00:00.000Z', 'Elena', 'Kowalski', 'elena@example.com', 'elenakowalski', '555-0106', 'Chicago', 'IL', 'US', 'founding_member', 1);
INSERT OR IGNORE INTO "User" (id, createdAt, updatedAt, firstName, lastName, email, handle, phone, city, state, country, role, isDiscoverable) VALUES ('seed_u7', '2026-02-24T12:00:00.000Z', '2026-02-24T12:00:00.000Z', 'Nat', 'Williams', 'nat@example.com', 'natwilliams', '555-0107', 'Brooklyn', 'NY', 'US', 'founding_member', 1);
INSERT OR IGNORE INTO "User" (id, createdAt, updatedAt, firstName, lastName, email, handle, phone, city, state, country, role, isDiscoverable) VALUES ('seed_u8', '2026-02-24T12:00:00.000Z', '2026-02-24T12:00:00.000Z', 'Carmen', 'Lopez', 'carmen@example.com', 'carmenlopez', '555-0108', 'Miami', 'FL', 'US', 'founding_member', 1);
INSERT OR IGNORE INTO "User" (id, createdAt, updatedAt, firstName, lastName, email, handle, phone, city, state, country, role, isDiscoverable) VALUES ('seed_u9', '2026-02-24T12:00:00.000Z', '2026-02-24T12:00:00.000Z', 'Theo', 'Park', 'theo@example.com', 'theopark', '555-0109', 'Los Angeles', 'CA', 'US', 'founding_member', 1);
INSERT OR IGNORE INTO "User" (id, createdAt, updatedAt, firstName, lastName, email, handle, phone, city, state, country, role, isDiscoverable) VALUES ('seed_u10', '2026-02-24T12:00:00.000Z', '2026-02-24T12:00:00.000Z', 'Priya', 'Sharma', 'priya@example.com', 'priyasharma', '555-0110', 'Houston', 'TX', 'US', 'founding_member', 1);

INSERT OR IGNORE INTO "Photographer" (id, createdAt, updatedAt, userId, name, companyName, location, bio) VALUES ('seed_p1', '2026-02-24T12:00:00.000Z', '2026-02-24T12:00:00.000Z', 'seed_u1', 'Sarah Chen', 'Chen Photography Co.', 'Austin, TX', 'Wedding and portrait photographer with 8 years of experience. I specialize in natural light photography and documentary-style storytelling.');
INSERT OR IGNORE INTO "Photographer" (id, createdAt, updatedAt, userId, name, companyName, location, bio) VALUES ('seed_p2', '2026-02-24T12:00:00.000Z', '2026-02-24T12:00:00.000Z', 'seed_u2', 'Marcus Rivera', 'Rivera Visual Studio', 'Denver, CO', 'Adventure and elopement photographer in the Colorado Rockies. Whether it''s a mountaintop ceremony or a forest engagement, I capture the wild beauty of your love story.');
INSERT OR IGNORE INTO "Photographer" (id, createdAt, updatedAt, userId, name, companyName, location, bio) VALUES ('seed_p3', '2026-02-24T12:00:00.000Z', '2026-02-24T12:00:00.000Z', 'seed_u3', 'Aisha Patel', 'Luminous Frame', 'Portland, OR', 'Editorial and fashion photographer with a focus on bold, colorful imagery. I bring a fashion-forward perspective to weddings and events.');
INSERT OR IGNORE INTO "Photographer" (id, createdAt, updatedAt, userId, name, companyName, location, bio) VALUES ('seed_p4', '2026-02-24T12:00:00.000Z', '2026-02-24T12:00:00.000Z', 'seed_u4', 'James O''Brien', 'O''Brien Photo', 'Nashville, TN', 'Music and event photographer who brings concert energy to every shoot. From album covers to festival coverage, I capture the rhythm and soul of Nashville.');
INSERT OR IGNORE INTO "Photographer" (id, createdAt, updatedAt, userId, name, companyName, location, bio) VALUES ('seed_p5', '2026-02-24T12:00:00.000Z', '2026-02-24T12:00:00.000Z', 'seed_u5', 'Yuki Tanaka', 'Tanaka Creative', 'Seattle, WA', 'Minimalist wedding photographer specializing in intimate ceremonies and micro-weddings. I believe the best photos come from genuine connections and quiet moments.');
INSERT OR IGNORE INTO "Photographer" (id, createdAt, updatedAt, userId, name, companyName, location, bio) VALUES ('seed_p6', '2026-02-24T12:00:00.000Z', '2026-02-24T12:00:00.000Z', 'seed_u6', 'Elena Kowalski', 'Kowalski Studios', 'Chicago, IL', 'Architectural photographer turned wedding photographer. My background in spaces gives me a unique eye for venue shots and environmental portraits.');
INSERT OR IGNORE INTO "Photographer" (id, createdAt, updatedAt, userId, name, companyName, location, bio) VALUES ('seed_p7', '2026-02-24T12:00:00.000Z', '2026-02-24T12:00:00.000Z', 'seed_u7', 'Nat Williams', 'Williams Street Studio', 'Brooklyn, NY', 'Documentary and street photographer who brings a photojournalistic approach to weddings and events. I live for unposed, real moments.');
INSERT OR IGNORE INTO "Photographer" (id, createdAt, updatedAt, userId, name, companyName, location, bio) VALUES ('seed_p8', '2026-02-24T12:00:00.000Z', '2026-02-24T12:00:00.000Z', 'seed_u8', 'Carmen Lopez', 'Lopez Destination Photography', 'Miami, FL', 'Luxury destination wedding photographer based in Miami. Specializing in beach ceremonies, yacht weddings, and tropical venues across the Caribbean.');
INSERT OR IGNORE INTO "Photographer" (id, createdAt, updatedAt, userId, name, companyName, location, bio) VALUES ('seed_p9', '2026-02-24T12:00:00.000Z', '2026-02-24T12:00:00.000Z', 'seed_u9', 'Theo Park', 'Park Creative Agency', 'Los Angeles, CA', 'Commercial and lifestyle photographer with clients including Nike, Patagonia, and numerous tech startups. I bring brand storytelling expertise to every project.');
INSERT OR IGNORE INTO "Photographer" (id, createdAt, updatedAt, userId, name, companyName, location, bio) VALUES ('seed_p10', '2026-02-24T12:00:00.000Z', '2026-02-24T12:00:00.000Z', 'seed_u10', 'Priya Sharma', 'Sharma Photography', 'Houston, TX', 'South Asian wedding specialist with deep expertise in multi-day ceremonies, vibrant color palettes, and the intricate traditions of Indian and Pakistani weddings.');

INSERT OR IGNORE INTO "Event" (id, createdAt, updatedAt, photographerId, title, description, location, date, duration, isFulfilled, isDeleted) VALUES ('seed_e1', '2026-02-24T12:00:00.000Z', '2026-02-24T12:00:00.000Z', 'seed_p1', 'Spring Wedding at Barton Creek — Second Shooter Needed', '200-guest outdoor wedding at a vineyard venue. Looking for a second shooter comfortable with natural light and candid reception coverage. Ceremony 4pm, reception until 11pm.', 'Austin, TX', '2026-03-03T20:00:00.000Z', 8, 0, 0);
INSERT OR IGNORE INTO "Event" (id, createdAt, updatedAt, photographerId, title, description, location, date, duration, isFulfilled, isDeleted) VALUES ('seed_e2', '2026-02-24T12:00:00.000Z', '2026-02-24T12:00:00.000Z', 'seed_p2', 'Sunrise Mountain Elopement — Assistant Needed', 'Sunrise elopement at Rocky Mountain National Park. Need someone comfortable hiking 3+ miles with gear. Meet at the trailhead at 4am. Incredible views guaranteed.', 'Estes Park, CO', '2026-03-06T20:00:00.000Z', 6, 0, 0);
INSERT OR IGNORE INTO "Event" (id, createdAt, updatedAt, photographerId, title, description, location, date, duration, isFulfilled, isDeleted) VALUES ('seed_e3', '2026-02-24T12:00:00.000Z', '2026-02-24T12:00:00.000Z', 'seed_p3', 'Fashion Editorial — Behind-the-Scenes Photographer', 'Two-day fashion editorial for a Portland clothing brand. Need someone to capture BTS content for social media. Studio and on-location shots.', 'Portland, OR', '2026-03-10T20:00:00.000Z', 10, 0, 0);
INSERT OR IGNORE INTO "Event" (id, createdAt, updatedAt, photographerId, title, description, location, date, duration, isFulfilled, isDeleted) VALUES ('seed_e4', '2026-02-24T12:00:00.000Z', '2026-02-24T12:00:00.000Z', 'seed_p4', 'Live Music Festival Coverage — 3-Day Event', 'Nashville''s biggest indie music festival needs photographers! 4 stages over 3 days. Great portfolio opportunity with live music photography. Press passes included.', 'Nashville, TN', '2026-03-17T20:00:00.000Z', 12, 0, 0);
INSERT OR IGNORE INTO "Event" (id, createdAt, updatedAt, photographerId, title, description, location, date, duration, isFulfilled, isDeleted) VALUES ('seed_e5', '2026-02-24T12:00:00.000Z', '2026-02-24T12:00:00.000Z', 'seed_p5', 'Intimate Garden Wedding — Second Shooter', '50-person micro-wedding in a private garden. Looking for a second shooter who excels at detail shots and candid guest portraits. Relaxed, low-key vibe.', 'Seattle, WA', '2026-03-01T20:00:00.000Z', 5, 0, 0);
INSERT OR IGNORE INTO "Event" (id, createdAt, updatedAt, photographerId, title, description, location, date, duration, isFulfilled, isDeleted) VALUES ('seed_e6', '2026-02-24T12:00:00.000Z', '2026-02-24T12:00:00.000Z', 'seed_p6', 'Corporate Headshot Marathon — Two Assistants Needed', 'Full-day corporate headshots for a tech company, 80+ employees. Need two assistants for lighting setup, backdrop changes, and queue management.', 'Chicago, IL', '2026-02-27T20:00:00.000Z', 8, 0, 0);
INSERT OR IGNORE INTO "Event" (id, createdAt, updatedAt, photographerId, title, description, location, date, duration, isFulfilled, isDeleted) VALUES ('seed_e7', '2026-02-24T12:00:00.000Z', '2026-02-24T12:00:00.000Z', 'seed_p1', 'Golden Hour Engagement at Lady Bird Lake', 'Engagement session along the boardwalk at golden hour. Mix of posed and candid. Looking for help with off-camera flash for a few dramatic shots.', 'Austin, TX', '2026-02-28T20:00:00.000Z', 2, 0, 0);
INSERT OR IGNORE INTO "Event" (id, createdAt, updatedAt, photographerId, title, description, location, date, duration, isFulfilled, isDeleted) VALUES ('seed_e8', '2026-02-24T12:00:00.000Z', '2026-02-24T12:00:00.000Z', 'seed_p3', 'Artisan Bakery Branding Session', 'Half-day branding session for a popular artisan bakery. Product shots, lifestyle content, and staff portraits. Looking for a food photography enthusiast to assist.', 'Portland, OR', '2026-03-04T20:00:00.000Z', 4, 0, 0);
INSERT OR IGNORE INTO "Event" (id, createdAt, updatedAt, photographerId, title, description, location, date, duration, isFulfilled, isDeleted) VALUES ('seed_e9', '2026-02-24T12:00:00.000Z', '2026-02-24T12:00:00.000Z', 'seed_p2', 'Black-Tie Ballroom Wedding — Experienced Second Shooter', 'Elegant ballroom wedding at The Brown Palace. 300 guests, black-tie affair. Need an experienced second shooter comfortable in low light with flash.', 'Denver, CO', '2026-03-26T20:00:00.000Z', 10, 0, 0);
INSERT OR IGNORE INTO "Event" (id, createdAt, updatedAt, photographerId, title, description, location, date, duration, isFulfilled, isDeleted) VALUES ('seed_e10', '2026-02-24T12:00:00.000Z', '2026-02-24T12:00:00.000Z', 'seed_p5', 'In-Home Newborn & Family Session', 'In-home newborn session with the whole family. Need an assistant for posing, props, and natural light modifiers. Gentle, quiet environment required.', 'Seattle, WA', '2026-03-02T20:00:00.000Z', 3, 0, 0);
INSERT OR IGNORE INTO "Event" (id, createdAt, updatedAt, photographerId, title, description, location, date, duration, isFulfilled, isDeleted) VALUES ('seed_e11', '2026-02-24T12:00:00.000Z', '2026-02-24T12:00:00.000Z', 'seed_p7', 'Brooklyn Street Photography Workshop — Co-Instructor', 'Full-day street photography workshop in DUMBO, Williamsburg, and Brooklyn Bridge area. Looking for an experienced street photographer to lead the afternoon session. 15 students.', 'Brooklyn, NY', '2026-03-08T20:00:00.000Z', 6, 0, 0);
INSERT OR IGNORE INTO "Event" (id, createdAt, updatedAt, photographerId, title, description, location, date, duration, isFulfilled, isDeleted) VALUES ('seed_e12', '2026-02-24T12:00:00.000Z', '2026-02-24T12:00:00.000Z', 'seed_p8', 'Luxury Yacht Wedding — Second Shooter Required', 'Intimate yacht wedding sailing from Miami Beach marina. 40 guests, sunset ceremony on the water. Need a second shooter who can move confidently on a moving boat.', 'Miami Beach, FL', '2026-03-14T20:00:00.000Z', 9, 0, 0);
INSERT OR IGNORE INTO "Event" (id, createdAt, updatedAt, photographerId, title, description, location, date, duration, isFulfilled, isDeleted) VALUES ('seed_e13', '2026-02-24T12:00:00.000Z', '2026-02-24T12:00:00.000Z', 'seed_p9', 'Nike Activewear Campaign — Studio Assistant', 'Two-day studio shoot for Nike''s spring activewear line. Need a detail-oriented assistant for lighting setup, lens swaps, and tethered capture monitoring. Agency rates.', 'Los Angeles, CA', '2026-03-03T20:00:00.000Z', 12, 0, 0);
INSERT OR IGNORE INTO "Event" (id, createdAt, updatedAt, photographerId, title, description, location, date, duration, isFulfilled, isDeleted) VALUES ('seed_e14', '2026-02-24T12:00:00.000Z', '2026-02-24T12:00:00.000Z', 'seed_p10', 'Diwali Celebration Multi-Day Coverage', 'Three-day Diwali celebration — mehndi, sangeet, and main ceremony. Need a second shooter experienced with vibrant South Asian events and indoor low-light receptions.', 'Houston, TX', '2026-04-10T20:00:00.000Z', 7, 0, 0);
INSERT OR IGNORE INTO "Event" (id, createdAt, updatedAt, photographerId, title, description, location, date, duration, isFulfilled, isDeleted) VALUES ('seed_e15', '2026-02-24T12:00:00.000Z', '2026-02-24T12:00:00.000Z', 'seed_p1', 'Boudoir Photography Workshop — Studio Assistant', 'Full-day boudoir workshop with 6 clients back-to-back. Need a trusted assistant for wardrobe changes, lighting adjustments, and maintaining a comfortable atmosphere.', 'Austin, TX', '2026-03-12T20:00:00.000Z', 4, 0, 0);
INSERT OR IGNORE INTO "Event" (id, createdAt, updatedAt, photographerId, title, description, location, date, duration, isFulfilled, isDeleted) VALUES ('seed_e16', '2026-02-24T12:00:00.000Z', '2026-02-24T12:00:00.000Z', 'seed_p7', 'Rooftop Corporate Cocktail Party', 'Upscale corporate event on a Manhattan rooftop. 150 guests, open bar, stunning skyline views. Need a candid event photographer for the full 5-hour event.', 'New York, NY', '2026-03-05T20:00:00.000Z', 5, 0, 0);
INSERT OR IGNORE INTO "Event" (id, createdAt, updatedAt, photographerId, title, description, location, date, duration, isFulfilled, isDeleted) VALUES ('seed_e17', '2026-02-24T12:00:00.000Z', '2026-02-24T12:00:00.000Z', 'seed_p8', 'Quinceañera — Traditional Ceremony & Reception', 'Full quinceañera coverage — church ceremony, formal portraits, and reception. 200 guests. Looking for a second shooter who appreciates this tradition.', 'Miami, FL', '2026-03-07T20:00:00.000Z', 8, 0, 0);
INSERT OR IGNORE INTO "Event" (id, createdAt, updatedAt, photographerId, title, description, location, date, duration, isFulfilled, isDeleted) VALUES ('seed_e18', '2026-02-24T12:00:00.000Z', '2026-02-24T12:00:00.000Z', 'seed_p6', 'Architectural Portfolio — Drone Operator Needed', 'Full-day architectural photography for a new mixed-use development. Need a licensed drone operator for aerial establishing shots at golden hour. FAA Part 107 required.', 'Chicago, IL', '2026-03-16T20:00:00.000Z', 6, 0, 0);
INSERT OR IGNORE INTO "Event" (id, createdAt, updatedAt, photographerId, title, description, location, date, duration, isFulfilled, isDeleted) VALUES ('seed_e19', '2026-02-24T12:00:00.000Z', '2026-02-24T12:00:00.000Z', 'seed_p2', 'REI Outdoor Gear Campaign — Adventure Assistant', 'Multi-day outdoor campaign for REI across Colorado backcountry. Camping overnight between shoot days. Need an experienced backpacker who can carry 30+ lbs of gear.', 'Aspen, CO', '2026-03-21T20:00:00.000Z', 10, 0, 0);
INSERT OR IGNORE INTO "Event" (id, createdAt, updatedAt, photographerId, title, description, location, date, duration, isFulfilled, isDeleted) VALUES ('seed_e20', '2026-02-24T12:00:00.000Z', '2026-02-24T12:00:00.000Z', 'seed_p5', 'Japanese Garden Anniversary Session', 'Intimate anniversary portraits in the Seattle Japanese Garden. Looking for someone to assist with reflectors and carry a second body. Soft, meditative shoot.', 'Seattle, WA', '2026-03-31T20:00:00.000Z', 2, 0, 0);
INSERT OR IGNORE INTO "Event" (id, createdAt, updatedAt, photographerId, title, description, location, date, duration, isFulfilled, isDeleted) VALUES ('seed_e21', '2026-02-24T12:00:00.000Z', '2026-02-24T12:00:00.000Z', 'seed_p9', 'Restaurant & Food Brand Campaign', 'Half-day food and lifestyle shoot for a new LA restaurant group. Dishes, ambiance, and lifestyle models. Need an assistant who understands food photography timing.', 'Los Angeles, CA', '2026-03-02T20:00:00.000Z', 5, 0, 0);
INSERT OR IGNORE INTO "Event" (id, createdAt, updatedAt, photographerId, title, description, location, date, duration, isFulfilled, isDeleted) VALUES ('seed_e22', '2026-02-24T12:00:00.000Z', '2026-02-24T12:00:00.000Z', 'seed_p10', 'Surprise 50th Birthday Party Coverage', 'Two-hour surprise birthday party for 60 guests. Need a candid event photographer who can blend in, capture the surprise moment, and work fast with minimal direction.', 'Houston, TX', '2026-02-26T20:00:00.000Z', 3, 0, 0);
INSERT OR IGNORE INTO "Event" (id, createdAt, updatedAt, photographerId, title, description, location, date, duration, isFulfilled, isDeleted) VALUES ('seed_e23', '2026-02-24T12:00:00.000Z', '2026-02-24T12:00:00.000Z', 'seed_p4', 'Nashville Pride — Concert Stage Photography', 'Full day at Nashville''s Pride festival — main stage performances, vendor booths, and crowd energy. Looking for a second photographer with live music experience.', 'Nashville, TN', '2026-03-11T20:00:00.000Z', 8, 0, 0);
INSERT OR IGNORE INTO "Event" (id, createdAt, updatedAt, photographerId, title, description, location, date, duration, isFulfilled, isDeleted) VALUES ('seed_e24', '2026-02-24T12:00:00.000Z', '2026-02-24T12:00:00.000Z', 'seed_p3', 'Bohemian Woodland Wedding in the Columbia River Gorge', 'Wild, free-spirited wedding in an old-growth forest. 70 guests. Lots of florals, candlelight, and golden hour portraits. Need a second shooter who loves moody forest light.', 'Columbia River Gorge, OR', '2026-03-18T20:00:00.000Z', 9, 0, 0);
INSERT OR IGNORE INTO "Event" (id, createdAt, updatedAt, photographerId, title, description, location, date, duration, isFulfilled, isDeleted) VALUES ('seed_e25', '2026-02-24T12:00:00.000Z', '2026-02-24T12:00:00.000Z', 'seed_p6', 'Tech Conference Keynote & Breakout Coverage', 'Two-day tech conference at the Hyatt Regency. Need two photographers — one for the main stage keynote, one for breakouts and candid networking.', 'Chicago, IL', '2026-03-29T20:00:00.000Z', 16, 0, 0);
INSERT OR IGNORE INTO "Event" (id, createdAt, updatedAt, photographerId, title, description, location, date, duration, isFulfilled, isDeleted) VALUES ('seed_e26', '2026-02-24T12:00:00.000Z', '2026-02-24T12:00:00.000Z', 'seed_p7', 'Brooklyn Museum Gala — Evening Event Coverage', 'Annual fundraising gala at the Brooklyn Museum. 300 guests, black-tie, incredible art backdrop. Need an experienced event photographer comfortable with flash in a museum.', 'Brooklyn, NY', '2026-04-05T20:00:00.000Z', 5, 0, 0);
INSERT OR IGNORE INTO "Event" (id, createdAt, updatedAt, photographerId, title, description, location, date, duration, isFulfilled, isDeleted) VALUES ('seed_e27', '2026-02-24T12:00:00.000Z', '2026-02-24T12:00:00.000Z', 'seed_p8', 'Destination Beach Wedding — Tulum', 'Bohemian beach wedding in Tulum, Mexico. Travel + accommodations covered. Need a second shooter with destination experience and a passport ready. Sunset ceremony on the beach.', 'Tulum, Mexico', '2026-04-15T20:00:00.000Z', 10, 0, 0);
INSERT OR IGNORE INTO "Event" (id, createdAt, updatedAt, photographerId, title, description, location, date, duration, isFulfilled, isDeleted) VALUES ('seed_e28', '2026-02-24T12:00:00.000Z', '2026-02-24T12:00:00.000Z', 'seed_p9', 'Patagonia Ambassador Portfolio Day', 'Adventure lifestyle shoot for a Patagonia ambassador featuring hiking, climbing, and kayaking. Need a strong outdoor athlete who can keep up while shooting. Joshua Tree.', 'Joshua Tree, CA', '2026-03-09T20:00:00.000Z', 10, 0, 0);
INSERT OR IGNORE INTO "Event" (id, createdAt, updatedAt, photographerId, title, description, location, date, duration, isFulfilled, isDeleted) VALUES ('seed_e29', '2026-02-24T12:00:00.000Z', '2026-02-24T12:00:00.000Z', 'seed_p1', 'Austin Food & Wine Festival — Event Photography', 'Three-day Austin Food & Wine Festival needs an event photographer. Cooking demos, celebrity chef appearances, and tastings. Press credentials provided.', 'Austin, TX', '2026-03-13T20:00:00.000Z', 8, 0, 0);
INSERT OR IGNORE INTO "Event" (id, createdAt, updatedAt, photographerId, title, description, location, date, duration, isFulfilled, isDeleted) VALUES ('seed_e30', '2026-02-24T12:00:00.000Z', '2026-02-24T12:00:00.000Z', 'seed_p4', 'Country Music Album Cover Shoot', 'One-day album cover shoot for a rising country artist. Landscape shots on a Tennessee farm and moody studio portraits. Need an assistant experienced with large-format strobes.', 'Franklin, TN', '2026-03-24T20:00:00.000Z', 8, 0, 0);

INSERT OR IGNORE INTO "InviteCode" (id, createdAt, code, creatorId, maxRedemptions, currentRedemptions) VALUES ('seed_inv1', '2026-02-24T12:00:00.000Z', 'ISO-SARAH-A1B2', 'seed_u1', 5, 0);
INSERT OR IGNORE INTO "InviteCode" (id, createdAt, code, creatorId, maxRedemptions, currentRedemptions) VALUES ('seed_inv2', '2026-02-24T12:00:00.000Z', 'ISO-MARCU-C3D4', 'seed_u2', 5, 0);
INSERT OR IGNORE INTO "InviteCode" (id, createdAt, code, creatorId, maxRedemptions, currentRedemptions) VALUES ('seed_inv3', '2026-02-24T12:00:00.000Z', 'ISO-AISHA-E5F6', 'seed_u3', 5, 0);
INSERT OR IGNORE INTO "InviteCode" (id, createdAt, code, creatorId, maxRedemptions, currentRedemptions) VALUES ('seed_inv4', '2026-02-24T12:00:00.000Z', 'ISO-JAMES-G7H8', 'seed_u4', 5, 0);
INSERT OR IGNORE INTO "InviteCode" (id, createdAt, code, creatorId, maxRedemptions, currentRedemptions) VALUES ('seed_inv5', '2026-02-24T12:00:00.000Z', 'ISO-YUKIT-J9K2', 'seed_u5', 5, 0);
INSERT OR IGNORE INTO "InviteCode" (id, createdAt, code, creatorId, maxRedemptions, currentRedemptions) VALUES ('seed_inv6', '2026-02-24T12:00:00.000Z', 'ISO-ELENA-L3M4', 'seed_u6', 5, 0);
INSERT OR IGNORE INTO "InviteCode" (id, createdAt, code, creatorId, maxRedemptions, currentRedemptions) VALUES ('seed_inv7', '2026-02-24T12:00:00.000Z', 'ISO-NATW-N5P6', 'seed_u7', 5, 0);
INSERT OR IGNORE INTO "InviteCode" (id, createdAt, code, creatorId, maxRedemptions, currentRedemptions) VALUES ('seed_inv8', '2026-02-24T12:00:00.000Z', 'ISO-CARML-Q7R8', 'seed_u8', 5, 0);
INSERT OR IGNORE INTO "InviteCode" (id, createdAt, code, creatorId, maxRedemptions, currentRedemptions) VALUES ('seed_inv9', '2026-02-24T12:00:00.000Z', 'ISO-THEOP-S9T0', 'seed_u9', 5, 0);
INSERT OR IGNORE INTO "InviteCode" (id, createdAt, code, creatorId, maxRedemptions, currentRedemptions) VALUES ('seed_inv10', '2026-02-24T12:00:00.000Z', 'ISO-PRIYA-U1V2', 'seed_u10', 5, 0);

INSERT OR IGNORE INTO "Comment" (id, createdAt, updatedAt, eventId, userId, content, isDeleted) VALUES ('seed_c1', '2026-02-24T12:00:00.000Z', '2026-02-24T12:00:00.000Z', 'seed_e1', 'seed_u2', 'I''m available! I''ve shot several weddings in the Austin area. Would love to chat about the details.', 0);
INSERT OR IGNORE INTO "Comment" (id, createdAt, updatedAt, eventId, userId, content, isDeleted) VALUES ('seed_c2', '2026-02-24T12:00:00.000Z', '2026-02-24T12:00:00.000Z', 'seed_e1', 'seed_u5', 'Beautiful venue! Is there parking for the second shooter or should I plan for rideshare?', 0);
INSERT OR IGNORE INTO "Comment" (id, createdAt, updatedAt, eventId, userId, content, isDeleted) VALUES ('seed_c3', '2026-02-24T12:00:00.000Z', '2026-02-24T12:00:00.000Z', 'seed_e2', 'seed_u3', 'This sounds incredible! I''m a strong hiker and have all-weather gear. What lens kit are you recommending?', 0);
INSERT OR IGNORE INTO "Comment" (id, createdAt, updatedAt, eventId, userId, content, isDeleted) VALUES ('seed_c4', '2026-02-24T12:00:00.000Z', '2026-02-24T12:00:00.000Z', 'seed_e4', 'seed_u1', 'I''ve covered festivals before and would love to be part of this. What''s the photo pit situation like?', 0);
INSERT OR IGNORE INTO "Comment" (id, createdAt, updatedAt, eventId, userId, content, isDeleted) VALUES ('seed_c5', '2026-02-24T12:00:00.000Z', '2026-02-24T12:00:00.000Z', 'seed_e4', 'seed_u6', 'This is a dream gig! Available all 3 days. Happy to share my live music portfolio.', 0);
INSERT OR IGNORE INTO "Comment" (id, createdAt, updatedAt, eventId, userId, content, isDeleted) VALUES ('seed_c6', '2026-02-24T12:00:00.000Z', '2026-02-24T12:00:00.000Z', 'seed_e5', 'seed_u4', 'I specialize in intimate weddings. This sounds right up my alley!', 0);
INSERT OR IGNORE INTO "Comment" (id, createdAt, updatedAt, eventId, userId, content, isDeleted) VALUES ('seed_c7', '2026-02-24T12:00:00.000Z', '2026-02-24T12:00:00.000Z', 'seed_e6', 'seed_u3', 'I have experience with high-volume headshot days. What lighting setup are you planning?', 0);
INSERT OR IGNORE INTO "Comment" (id, createdAt, updatedAt, eventId, userId, content, isDeleted) VALUES ('seed_c8', '2026-02-24T12:00:00.000Z', '2026-02-24T12:00:00.000Z', 'seed_e12', 'seed_u8', 'I grew up on boats — no seasickness worries here. Would love to hear more about the vision.', 0);
INSERT OR IGNORE INTO "Comment" (id, createdAt, updatedAt, eventId, userId, content, isDeleted) VALUES ('seed_c9', '2026-02-24T12:00:00.000Z', '2026-02-24T12:00:00.000Z', 'seed_e13', 'seed_u9', 'Agency work is my bread and butter. Available both days, can bring my own tethering kit.', 0);
INSERT OR IGNORE INTO "Comment" (id, createdAt, updatedAt, eventId, userId, content, isDeleted) VALUES ('seed_c10', '2026-02-24T12:00:00.000Z', '2026-02-24T12:00:00.000Z', 'seed_e19', 'seed_u2', 'I hike 14ers regularly and can carry a full pack. This is exactly my kind of shoot!', 0);
INSERT OR IGNORE INTO "Comment" (id, createdAt, updatedAt, eventId, userId, content, isDeleted) VALUES ('seed_c11', '2026-02-24T12:00:00.000Z', '2026-02-24T12:00:00.000Z', 'seed_e24', 'seed_u3', 'Forest weddings are my favorite. I shoot a lot at the Gorge — know the light patterns well.', 0);
INSERT OR IGNORE INTO "Comment" (id, createdAt, updatedAt, eventId, userId, content, isDeleted) VALUES ('seed_c12', '2026-02-24T12:00:00.000Z', '2026-02-24T12:00:00.000Z', 'seed_e27', 'seed_u8', 'Tulum is incredible — I''ve shot there twice. Would love to be on this one.', 0);

INSERT OR IGNORE INTO "Favorite" (id, createdAt, updatedAt, userId, targetId) VALUES ('seed_f1', '2026-02-24T12:00:00.000Z', '2026-02-24T12:00:00.000Z', 'seed_u1', 'seed_p2');
INSERT OR IGNORE INTO "Favorite" (id, createdAt, updatedAt, userId, targetId) VALUES ('seed_f2', '2026-02-24T12:00:00.000Z', '2026-02-24T12:00:00.000Z', 'seed_u1', 'seed_p3');
INSERT OR IGNORE INTO "Favorite" (id, createdAt, updatedAt, userId, targetId) VALUES ('seed_f3', '2026-02-24T12:00:00.000Z', '2026-02-24T12:00:00.000Z', 'seed_u2', 'seed_p1');
INSERT OR IGNORE INTO "Favorite" (id, createdAt, updatedAt, userId, targetId) VALUES ('seed_f4', '2026-02-24T12:00:00.000Z', '2026-02-24T12:00:00.000Z', 'seed_u3', 'seed_p4');
INSERT OR IGNORE INTO "Favorite" (id, createdAt, updatedAt, userId, targetId) VALUES ('seed_f5', '2026-02-24T12:00:00.000Z', '2026-02-24T12:00:00.000Z', 'seed_u5', 'seed_p7');
INSERT OR IGNORE INTO "Favorite" (id, createdAt, updatedAt, userId, targetId) VALUES ('seed_f6', '2026-02-24T12:00:00.000Z', '2026-02-24T12:00:00.000Z', 'seed_u7', 'seed_p8');
INSERT OR IGNORE INTO "Favorite" (id, createdAt, updatedAt, userId, targetId) VALUES ('seed_f7', '2026-02-24T12:00:00.000Z', '2026-02-24T12:00:00.000Z', 'seed_u9', 'seed_p10');

INSERT OR IGNORE INTO "Waitlist" (id, createdAt, name, email, instagram, userType, referralSource, position) VALUES ('seed_w1', '2026-02-24T12:00:00.000Z', 'Alex Thompson', 'alex@waitlist.example.com', '@alexthompson', 'second', 'Instagram', 1);
INSERT OR IGNORE INTO "Waitlist" (id, createdAt, name, email, website, userType, referralSource, position) VALUES ('seed_w2', '2026-02-24T12:00:00.000Z', 'Jordan Kim', 'jordan@waitlist.example.com', 'https://jordankimphoto.com', 'lead', 'Friend', 2);
INSERT OR IGNORE INTO "Waitlist" (id, createdAt, name, email, instagram, website, userType, position) VALUES ('seed_w3', '2026-02-24T12:00:00.000Z', 'Sam Garcia', 'sam@waitlist.example.com', '@samgarcia_photo', 'https://samgarcia.com', 'both', 3);

COMMIT;
PRAGMA foreign_keys = ON;
-- Seed complete: 10 users/photographers, 30 events, 12 comments, 7 favorites, 3 waitlist
